Temperature,Energy,Magnetization
0.001,-4.2272148476675084e-18,779.0
52.63252631578947,-4.227290149965973e-18,779.0
105.26405263157895,-4.227443798698365e-18,779.0
